mapping_id,evidence_id,application_id,mechanism_id,mechanism_name,mapping_reason,supporting_context,contradictory_context,mapping_confidence,alternative_mechanism_id,alternative_reason,mapping_status,human_mapping_decision,human_selected_mechanism,human_mapping_notes
MAP-EV-c098165357f6,EV-c098165357f6,APP-00004,BM-001,Status Quo Bias,Commute/transport evidence indicates resistance or hesitation about changing an established travel routine to adapt to the new job location; proposed as Status Quo Bias for human validation.,,,MODERATE,,BM-006 Friction,PROPOSED,APPROVE,,Imported from Aaryatech_Behavioral_Review_MASTER_APPROVED.xlsx
MAP-EV-fc6332dc18ef,EV-fc6332dc18ef,APP-00004,BM-001,Status Quo Bias,Commute/transport evidence indicates resistance or hesitation about changing an established travel routine to adapt to the new job location; proposed as Status Quo Bias for human validation.,,,MODERATE,,BM-006 Friction,PROPOSED,APPROVE,,Imported from Aaryatech_Behavioral_Review_MASTER_APPROVED.xlsx
MAP-EV-5bf090faa25f,EV-5bf090faa25f,APP-00008,BM-006,Friction,The schedule/shift constraint is a concrete practical obstacle that increases effort or difficulty.,,,MODERATE,,,PROPOSED,APPROVE,,Imported from Aaryatech_Behavioral_Review_MASTER_APPROVED.xlsx
MAP-EV-ec72e3549064,EV-ec72e3549064,APP-00017,,,Positive forward-looking language is not enough for Commitment/Consistency; the library requires a specific prior commitment as the reason for continuing.,,,N/A,,,NO_SUPPORTED_MECHANISM,APPROVE,,Imported from Aaryatech_Behavioral_Review_MASTER_APPROVED.xlsx
MAP-EV-914d75e44be1,EV-914d75e44be1,APP-00026,,,"Response brevity/speed is an observable communication signal, but it does not by itself satisfy a frozen mechanism's evidence requirement.",,,N/A,,,NO_SUPPORTED_MECHANISM,APPROVE,,Imported from Aaryatech_Behavioral_Review_MASTER_APPROVED.xlsx
MAP-EV-2da13c01cc11,EV-2da13c01cc11,APP-00032,BM-029,Uncertainty / Ambiguity Aversion,The candidate is seeking certainty or reacting to uncertainty around the expected joining date.,,,MODERATE,,BM-006 Friction,PROPOSED,APPROVE,,Imported from Aaryatech_Behavioral_Review_MASTER_APPROVED.xlsx
MAP-EV-003be45f1be0,EV-003be45f1be0,APP-00036,BM-029,Uncertainty / Ambiguity Aversion,The candidate is seeking certainty or reacting to uncertainty around the expected joining date.,,,MODERATE,,BM-006 Friction,PROPOSED,APPROVE,,Imported from Aaryatech_Behavioral_Review_MASTER_APPROVED.xlsx
MAP-EV-deb5f83a443b,EV-deb5f83a443b,APP-00037,BM-029,Uncertainty / Ambiguity Aversion,"The candidate is seeking predictability about contract duration/stability, directly expressing uncertainty about what to expect.",,,HIGH,,,PROPOSED,APPROVE,,Imported from Aaryatech_Behavioral_Review_MASTER_APPROVED.xlsx
MAP-EV-4c02bf717d1c,EV-4c02bf717d1c,APP-00044,BM-013,Anchoring,The compensation judgment is explicitly made relative to an earlier expectation or reference amount.,,,HIGH,,,PROPOSED,APPROVE,,Imported from Aaryatech_Behavioral_Review_MASTER_APPROVED.xlsx
MAP-EV-c4678c5d3395,EV-c4678c5d3395,APP-00045,BM-006,Friction,"The evidence describes a concrete onboarding/documentation step, repetition, delay, or point of confusion that can add effort.",,,MODERATE,,,PROPOSED,APPROVE,,Imported from Aaryatech_Behavioral_Review_MASTER_APPROVED.xlsx
MAP-EV-3e006ea895c5,EV-3e006ea895c5,APP-00045,BM-006,Friction,"The evidence describes a concrete onboarding/documentation step, repetition, delay, or point of confusion that can add effort.",,,MODERATE,,,PROPOSED,APPROVE,,Imported from Aaryatech_Behavioral_Review_MASTER_APPROVED.xlsx
MAP-EV-27b86d028d25,EV-27b86d028d25,APP-00053,BM-029,Uncertainty / Ambiguity Aversion,The mismatch/changed information creates ambiguity about what the role will actually involve.,,,MODERATE,,,PROPOSED,APPROVE,,Imported from Aaryatech_Behavioral_Review_MASTER_APPROVED.xlsx
MAP-EV-a8d743deb623,EV-a8d743deb623,APP-00053,BM-029,Uncertainty / Ambiguity Aversion,The mismatch/changed information creates ambiguity about what the role will actually involve.,,,MODERATE,,,PROPOSED,APPROVE,,Imported from Aaryatech_Behavioral_Review_MASTER_APPROVED.xlsx
MAP-EV-26942843b0c7,EV-26942843b0c7,APP-00059,BM-029,Uncertainty / Ambiguity Aversion,"The candidate is seeking predictability about contract duration/stability, directly expressing uncertainty about what to expect.",,,HIGH,,,PROPOSED,APPROVE,,Imported from Aaryatech_Behavioral_Review_MASTER_APPROVED.xlsx
MAP-EV-3992bf95675a,EV-3992bf95675a,APP-00059,BM-029,Uncertainty / Ambiguity Aversion,"The candidate is seeking predictability about contract duration/stability, directly expressing uncertainty about what to expect.",,,HIGH,,,PROPOSED,APPROVE,,Imported from Aaryatech_Behavioral_Review_MASTER_APPROVED.xlsx
MAP-EV-5c9d6f0007f6,EV-5c9d6f0007f6,APP-00063,BM-029,Uncertainty / Ambiguity Aversion,The statement centers on not knowing what to expect and seeking greater predictability.,,,MODERATE,,,PROPOSED,APPROVE,,Imported from Aaryatech_Behavioral_Review_MASTER_APPROVED.xlsx
MAP-EV-efc9cfbc50e7,EV-efc9cfbc50e7,APP-00070,BM-029,Uncertainty / Ambiguity Aversion,The statement centers on not knowing what to expect and seeking greater predictability.,,,HIGH,,,PROPOSED,APPROVE,,Imported from Aaryatech_Behavioral_Review_MASTER_APPROVED.xlsx
MAP-EV-8cbc4304b48c,EV-8cbc4304b48c,APP-00072,BM-029,Uncertainty / Ambiguity Aversion,The question seeks predictability about employment duration/stability.,,,HIGH,,,PROPOSED,APPROVE,,Imported from Aaryatech_Behavioral_Review_MASTER_APPROVED.xlsx
MAP-EV-7da16f874210,EV-7da16f874210,APP-00079,BM-006,Friction,"The evidence describes a concrete onboarding/documentation step, repetition, delay, or point of confusion that can add effort.",,,MODERATE,,,PROPOSED,APPROVE,,Imported from Aaryatech_Behavioral_Review_MASTER_APPROVED.xlsx
MAP-EV-989540395353,EV-989540395353,APP-00095,BM-006,Friction,A specific process delay is described as an obstacle in completing the recruitment/onboarding journey.,,,HIGH,,,PROPOSED,APPROVE,,Imported from Aaryatech_Behavioral_Review_MASTER_APPROVED.xlsx
MAP-EV-29b656c46a32,EV-29b656c46a32,APP-00100,BM-029,Uncertainty / Ambiguity Aversion,The mismatch/changed information creates ambiguity about what the role will actually involve.,,,MODERATE,,,PROPOSED,APPROVE,,Imported from Aaryatech_Behavioral_Review_MASTER_APPROVED.xlsx
MAP-EV-0eb4a7afe001,EV-0eb4a7afe001,APP-00105,BM-006,Friction,The schedule/shift constraint is a concrete practical obstacle that increases effort or difficulty.,,,MODERATE,,,PROPOSED,APPROVE,,Imported from Aaryatech_Behavioral_Review_MASTER_APPROVED.xlsx
MAP-EV-98bccecde657,EV-98bccecde657,APP-00122,,,"Contradictory information is flagged, but the behavioral consequence is not explicit.",,,N/A,,,NO_SUPPORTED_MECHANISM,APPROVE,,Imported from Aaryatech_Behavioral_Review_MASTER_APPROVED.xlsx
MAP-EV-53575e4aa92c,EV-53575e4aa92c,APP-00145,BM-029,Uncertainty / Ambiguity Aversion,The candidate is seeking certainty or reacting to uncertainty around the expected joining date.,,,MODERATE,,,PROPOSED,APPROVE,,Imported from Aaryatech_Behavioral_Review_MASTER_APPROVED.xlsx
MAP-EV-4177f6c94dd1,EV-4177f6c94dd1,APP-00148,BM-001,Status Quo Bias,Status Quo Bias — candidate shows hesitation or resistance to leaving the current/familiar job situation and moving to the new role. This is a proposed behavioral interpretation for human validation; recruiter follow-up should collect the candidate's specific reasons rather than assume the cause.,,,MODERATE,,,PROPOSED,APPROVE,,Imported from Aaryatech_Behavioral_Review_MASTER_APPROVED.xlsx
MAP-EV-87e6de0c887c,EV-87e6de0c887c,APP-00155,BM-006,Friction,The question identifies a concrete process/logistics point that may add effort or confusion.,,,MODERATE,,,PROPOSED,APPROVE,,Imported from Aaryatech_Behavioral_Review_MASTER_APPROVED.xlsx
MAP-EV-81650031e731,EV-81650031e731,APP-00159,,,"Hesitation is observable, but its behavioral mechanism is not established by the available context.",,,N/A,,,NO_SUPPORTED_MECHANISM,APPROVE,,Imported from Aaryatech_Behavioral_Review_MASTER_APPROVED.xlsx
MAP-EV-7813e835e905,EV-7813e835e905,APP-00172,,,"Contradictory information is flagged, but the behavioral consequence is not explicit.",,,N/A,,,NO_SUPPORTED_MECHANISM,APPROVE,,Imported from Aaryatech_Behavioral_Review_MASTER_APPROVED.xlsx
MAP-EV-8793f5badfa2,EV-8793f5badfa2,APP-00173,BM-006,Friction,The question identifies a concrete process/logistics point that may add effort or confusion.,,,MODERATE,,,PROPOSED,APPROVE,,Imported from Aaryatech_Behavioral_Review_MASTER_APPROVED.xlsx
MAP-EV-4e206629ca51,EV-4e206629ca51,APP-00179,BM-029,Uncertainty / Ambiguity Aversion,The candidate is seeking certainty or reacting to uncertainty around the expected joining date.,,,MODERATE,,BM-006 Friction,PROPOSED,APPROVE,,Imported from Aaryatech_Behavioral_Review_MASTER_APPROVED.xlsx
MAP-EV-b2e4e58d8732,EV-b2e4e58d8732,APP-00183,BM-006,Friction,The work arrangement creates a concrete effort/commute obstacle.,,,MODERATE,,,PROPOSED,APPROVE,,Imported from Aaryatech_Behavioral_Review_MASTER_APPROVED.xlsx
MAP-EV-d8f33dcd7cc6,EV-d8f33dcd7cc6,APP-00200,,,Withdrawal is an outcome/action; without an explicit reason it should not be forced into a behavioral mechanism.,,,N/A,,,NO_SUPPORTED_MECHANISM,APPROVE,,Imported from Aaryatech_Behavioral_Review_MASTER_APPROVED.xlsx
MAP-EV-1bc54c21068e,EV-1bc54c21068e,APP-00203,,,"Contradictory information is flagged, but the behavioral consequence is not explicit.",,,N/A,,,NO_SUPPORTED_MECHANISM,APPROVE,,Imported from Aaryatech_Behavioral_Review_MASTER_APPROVED.xlsx
MAP-EV-143a9fd631ed,EV-143a9fd631ed,APP-00222,,,Positive forward-looking language is not enough for Commitment/Consistency; the library requires a specific prior commitment as the reason for continuing.,,,N/A,,,NO_SUPPORTED_MECHANISM,APPROVE,,Imported from Aaryatech_Behavioral_Review_MASTER_APPROVED.xlsx
MAP-EV-3c7b3c09c7c6,EV-3c7b3c09c7c6,APP-00222,,,Positive forward-looking language is not enough for Commitment/Consistency; the library requires a specific prior commitment as the reason for continuing.,,,N/A,,,NO_SUPPORTED_MECHANISM,APPROVE,,Imported from Aaryatech_Behavioral_Review_MASTER_APPROVED.xlsx
MAP-EV-43a4f74eba0d,EV-43a4f74eba0d,APP-00225,,,"A question is evidence of information seeking, but the content does not clearly satisfy a frozen behavioral mechanism.",,,N/A,,,NO_SUPPORTED_MECHANISM,APPROVE,,Imported from Aaryatech_Behavioral_Review_MASTER_APPROVED.xlsx
MAP-EV-bb1d3ac16455,EV-bb1d3ac16455,APP-00239,,,"Excitement/positive affect is an emotional signal, not by itself one of the frozen behavioral mechanisms.",,,N/A,,,NO_SUPPORTED_MECHANISM,APPROVE,,Imported from Aaryatech_Behavioral_Review_MASTER_APPROVED.xlsx
MAP-EV-943dc9f99bc7,EV-943dc9f99bc7,APP-00243,BM-006,Friction,The work arrangement creates a concrete effort/commute obstacle.,,,MODERATE,,,PROPOSED,APPROVE,,Imported from Aaryatech_Behavioral_Review_MASTER_APPROVED.xlsx
MAP-EV-8221360fb25f,EV-8221360fb25f,APP-00251,,,"Response brevity/speed is an observable communication signal, but it does not by itself satisfy a frozen mechanism's evidence requirement.",,,N/A,,,NO_SUPPORTED_MECHANISM,APPROVE,,Imported from Aaryatech_Behavioral_Review_MASTER_APPROVED.xlsx
MAP-EV-79812612ae45,EV-79812612ae45,APP-00269,,,"Response brevity/speed is an observable communication signal, but it does not by itself satisfy a frozen mechanism's evidence requirement.",,,N/A,,,NO_SUPPORTED_MECHANISM,APPROVE,,Imported from Aaryatech_Behavioral_Review_MASTER_APPROVED.xlsx
MAP-EV-5989ed8b387d,EV-5989ed8b387d,APP-00286,BM-013,Anchoring,The compensation judgment is explicitly made relative to an earlier expectation or reference amount.,,,HIGH,,,PROPOSED,APPROVE,,Imported from Aaryatech_Behavioral_Review_MASTER_APPROVED.xlsx
MAP-EV-1d4ee9c52d41,EV-1d4ee9c52d41,APP-00289,BM-029,Uncertainty / Ambiguity Aversion,The candidate is seeking certainty or reacting to uncertainty around the expected joining date.,,,MODERATE,,,PROPOSED,APPROVE,,Imported from Aaryatech_Behavioral_Review_MASTER_APPROVED.xlsx
MAP-EV-8c0cb35ecc33,EV-8c0cb35ecc33,APP-00303,BM-001,Status Quo Bias,Status Quo Bias — candidate shows hesitation or resistance to leaving the current/familiar job situation and moving to the new role. This is a proposed behavioral interpretation for human validation; recruiter follow-up should collect the candidate's specific reasons rather than assume the cause.,,,MODERATE,,,PROPOSED,APPROVE,,Imported from Aaryatech_Behavioral_Review_MASTER_APPROVED.xlsx
MAP-EV-33fb060b9545,EV-33fb060b9545,APP-00315,,,"Hesitation is observable, but its behavioral mechanism is not established by the available context.",,,N/A,,,NO_SUPPORTED_MECHANISM,APPROVE,,Imported from Aaryatech_Behavioral_Review_MASTER_APPROVED.xlsx
MAP-EV-12cdba7c1f14,EV-12cdba7c1f14,APP-00342,BM-006,Friction,The schedule/shift constraint is a concrete practical obstacle that increases effort or difficulty.,,,MODERATE,,,PROPOSED,APPROVE,,Imported from Aaryatech_Behavioral_Review_MASTER_APPROVED.xlsx
MAP-EV-bde6fe65e352,EV-bde6fe65e352,APP-00348,BM-006,Friction,A specific process delay is described as an obstacle in completing the recruitment/onboarding journey.,,,HIGH,,,PROPOSED,APPROVE,,Imported from Aaryatech_Behavioral_Review_MASTER_APPROVED.xlsx
MAP-EV-a1153d574390,EV-a1153d574390,APP-00373,BM-006,Friction,The work arrangement creates a concrete effort/commute obstacle.,,,MODERATE,,,PROPOSED,APPROVE,,Imported from Aaryatech_Behavioral_Review_MASTER_APPROVED.xlsx
MAP-EV-d5c8f48c14fc,EV-d5c8f48c14fc,APP-00373,BM-029,Uncertainty / Ambiguity Aversion,The mismatch/changed information creates ambiguity about what the role will actually involve.,,,MODERATE,,,PROPOSED,APPROVE,,Imported from Aaryatech_Behavioral_Review_MASTER_APPROVED.xlsx
MAP-EV-06cb366b4fdd,EV-06cb366b4fdd,APP-00389,BM-001,Status Quo Bias,Commute/transport evidence indicates resistance or hesitation about changing an established travel routine to adapt to the new job location; proposed as Status Quo Bias for human validation.,,,MODERATE,,BM-006 Friction,PROPOSED,APPROVE,,Imported from Aaryatech_Behavioral_Review_MASTER_APPROVED.xlsx
MAP-EV-08b4faf0035c,EV-08b4faf0035c,APP-00391,,,"A competing opportunity is present, but choosing between alternatives does not itself prove Loss Aversion, Scarcity, or another mechanism.",,,N/A,,,NO_SUPPORTED_MECHANISM,APPROVE,,Imported from Aaryatech_Behavioral_Review_MASTER_APPROVED.xlsx
MAP-EV-8c1dcba24d88,EV-8c1dcba24d88,APP-00398,BM-006,Friction,The schedule/shift constraint is a concrete practical obstacle that increases effort or difficulty.,,,MODERATE,,,PROPOSED,APPROVE,,Imported from Aaryatech_Behavioral_Review_MASTER_APPROVED.xlsx
MAP-EV-128c51e39b36,EV-128c51e39b36,APP-00400,BM-006,Friction,The question identifies a concrete process/logistics point that may add effort or confusion.,,,MODERATE,,,PROPOSED,APPROVE,,Imported from Aaryatech_Behavioral_Review_MASTER_APPROVED.xlsx
MAP-EV-d2983353dab1,EV-d2983353dab1,APP-00429,BM-006,Friction,The evidence describes a concrete commute/transportation difficulty that adds effort or makes joining harder.,,,HIGH,,,PROPOSED,APPROVE,,Imported from Aaryatech_Behavioral_Review_MASTER_APPROVED.xlsx
MAP-EV-fe90ba113e1c,EV-fe90ba113e1c,APP-00439,BM-006,Friction,The work arrangement creates a concrete effort/commute obstacle.,,,MODERATE,,,PROPOSED,APPROVE,,Imported from Aaryatech_Behavioral_Review_MASTER_APPROVED.xlsx
MAP-EV-213ac0235161,EV-213ac0235161,APP-00444,BM-006,Friction,The work arrangement creates a concrete effort/commute obstacle.,,,MODERATE,,,PROPOSED,APPROVE,,Imported from Aaryatech_Behavioral_Review_MASTER_APPROVED.xlsx
MAP-EV-f4c446b11884,EV-f4c446b11884,APP-00444,BM-006,Friction,The work arrangement creates a concrete effort/commute obstacle.,,,MODERATE,,,PROPOSED,APPROVE,,Imported from Aaryatech_Behavioral_Review_MASTER_APPROVED.xlsx
MAP-EV-87573262cb71,EV-87573262cb71,APP-00461,BM-029,Uncertainty / Ambiguity Aversion,The statement centers on not knowing what to expect and seeking greater predictability.,,,HIGH,,,PROPOSED,APPROVE,,Imported from Aaryatech_Behavioral_Review_MASTER_APPROVED.xlsx
MAP-EV-3dbd348390ee,EV-3dbd348390ee,APP-00468,BM-013,Anchoring,The compensation judgment is explicitly made relative to an earlier expectation or reference amount.,,,HIGH,,,PROPOSED,APPROVE,,Imported from Aaryatech_Behavioral_Review_MASTER_APPROVED.xlsx
MAP-EV-9a1000233105,EV-9a1000233105,APP-00496,BM-029,Uncertainty / Ambiguity Aversion,The statement centers on not knowing what to expect and seeking greater predictability.,,,MODERATE,,,PROPOSED,APPROVE,,Imported from Aaryatech_Behavioral_Review_MASTER_APPROVED.xlsx
MAP-EV-92b74a5d5354,EV-92b74a5d5354,APP-00507,BM-029,Uncertainty / Ambiguity Aversion,The statement centers on not knowing what to expect and seeking greater predictability.,,,MODERATE,,,PROPOSED,APPROVE,,Imported from Aaryatech_Behavioral_Review_MASTER_APPROVED.xlsx
MAP-EV-84a44306e698,EV-84a44306e698,APP-00508,,,"Excitement/positive affect is an emotional signal, not by itself one of the frozen behavioral mechanisms.",,,N/A,,,NO_SUPPORTED_MECHANISM,APPROVE,,Imported from Aaryatech_Behavioral_Review_MASTER_APPROVED.xlsx
MAP-EV-23c39b2c6d3c,EV-23c39b2c6d3c,APP-00520,,,"A competing opportunity is present, but choosing between alternatives does not itself prove Loss Aversion, Scarcity, or another mechanism.",,,N/A,,,NO_SUPPORTED_MECHANISM,APPROVE,,Imported from Aaryatech_Behavioral_Review_MASTER_APPROVED.xlsx
MAP-EV-2dd0b18b5941,EV-2dd0b18b5941,APP-00524,BM-006,Friction,"The evidence describes a concrete onboarding/documentation step, repetition, delay, or point of confusion that can add effort.",,,MODERATE,,,PROPOSED,APPROVE,,Imported from Aaryatech_Behavioral_Review_MASTER_APPROVED.xlsx
MAP-EV-d56b673ee92c,EV-d56b673ee92c,APP-00531,,,"Response brevity/speed is an observable communication signal, but it does not by itself satisfy a frozen mechanism's evidence requirement.",,,N/A,,,NO_SUPPORTED_MECHANISM,APPROVE,,Imported from Aaryatech_Behavioral_Review_MASTER_APPROVED.xlsx
MAP-EV-f88e49991609,EV-f88e49991609,APP-00548,BM-029,Uncertainty / Ambiguity Aversion,The candidate is seeking certainty or reacting to uncertainty around the expected joining date.,,,MODERATE,,,PROPOSED,APPROVE,,Imported from Aaryatech_Behavioral_Review_MASTER_APPROVED.xlsx
MAP-EV-a80d586aab06,EV-a80d586aab06,APP-00555,,,"Hesitation is observable, but its behavioral mechanism is not established by the available context.",,,N/A,,,NO_SUPPORTED_MECHANISM,APPROVE,,Imported from Aaryatech_Behavioral_Review_MASTER_APPROVED.xlsx
MAP-EV-e58ae2d0f271,EV-e58ae2d0f271,APP-00562,BM-001,Status Quo Bias,Status Quo Bias — candidate shows hesitation or resistance to leaving the current/familiar job situation and moving to the new role. This is a proposed behavioral interpretation for human validation; recruiter follow-up should collect the candidate's specific reasons rather than assume the cause.,,,MODERATE,,,PROPOSED,APPROVE,,Imported from Aaryatech_Behavioral_Review_MASTER_APPROVED.xlsx
MAP-EV-edcbf2f67fa3,EV-edcbf2f67fa3,APP-00562,BM-029,Uncertainty / Ambiguity Aversion,The hesitation is explicitly tied to uncertainty or not knowing what to expect.,,,MODERATE,,,PROPOSED,APPROVE,,Imported from Aaryatech_Behavioral_Review_MASTER_APPROVED.xlsx
MAP-EV-6f4d8ce06f62,EV-6f4d8ce06f62,APP-00565,BM-006,Friction,The question identifies a concrete process/logistics point that may add effort or confusion.,,,MODERATE,,,PROPOSED,APPROVE,,Imported from Aaryatech_Behavioral_Review_MASTER_APPROVED.xlsx
MAP-EV-3e64cdacb8a4,EV-3e64cdacb8a4,APP-00578,BM-001,Status Quo Bias,Status Quo Bias — candidate shows hesitation or resistance to leaving the current/familiar job situation and moving to the new role. This is a proposed behavioral interpretation for human validation; recruiter follow-up should collect the candidate's specific reasons rather than assume the cause.,,,MODERATE,,,PROPOSED,APPROVE,,Imported from Aaryatech_Behavioral_Review_MASTER_APPROVED.xlsx
MAP-EV-48be1aeefbe6,EV-48be1aeefbe6,APP-00590,,,"Response brevity/speed is an observable communication signal, but it does not by itself satisfy a frozen mechanism's evidence requirement.",,,N/A,,,NO_SUPPORTED_MECHANISM,APPROVE,,Imported from Aaryatech_Behavioral_Review_MASTER_APPROVED.xlsx
MAP-EV-26d4a67db490,EV-26d4a67db490,APP-00595,BM-006,Friction,The work arrangement creates a concrete effort/commute obstacle.,,,MODERATE,,,PROPOSED,APPROVE,,Imported from Aaryatech_Behavioral_Review_MASTER_APPROVED.xlsx
MAP-EV-07a0d1fee0c6,EV-07a0d1fee0c6,APP-00603,BM-006,Friction,"The evidence describes a concrete onboarding/documentation step, repetition, delay, or point of confusion that can add effort.",,,MODERATE,,,PROPOSED,APPROVE,,Imported from Aaryatech_Behavioral_Review_MASTER_APPROVED.xlsx
MAP-EV-4746b1db13e0,EV-4746b1db13e0,APP-00611,BM-029,Uncertainty / Ambiguity Aversion,"The candidate is seeking predictability about contract duration/stability, directly expressing uncertainty about what to expect.",,,HIGH,,,PROPOSED,APPROVE,,Imported from Aaryatech_Behavioral_Review_MASTER_APPROVED.xlsx
MAP-EV-a48ec436fda0,EV-a48ec436fda0,APP-00623,,,"Excitement/positive affect is an emotional signal, not by itself one of the frozen behavioral mechanisms.",,,N/A,,,NO_SUPPORTED_MECHANISM,APPROVE,,Imported from Aaryatech_Behavioral_Review_MASTER_APPROVED.xlsx
MAP-EV-fc0122dd9f8c,EV-fc0122dd9f8c,APP-00640,BM-029,Uncertainty / Ambiguity Aversion,"The candidate is seeking predictability about contract duration/stability, directly expressing uncertainty about what to expect.",,,HIGH,,,PROPOSED,APPROVE,,Imported from Aaryatech_Behavioral_Review_MASTER_APPROVED.xlsx
MAP-EV-807b224fdc62,EV-807b224fdc62,APP-00645,BM-029,Uncertainty / Ambiguity Aversion,The mismatch/changed information creates ambiguity about what the role will actually involve.,,,MODERATE,,,PROPOSED,APPROVE,,Imported from Aaryatech_Behavioral_Review_MASTER_APPROVED.xlsx
MAP-EV-803b5d65381a,EV-803b5d65381a,APP-00651,,,Positive forward-looking language is not enough for Commitment/Consistency; the library requires a specific prior commitment as the reason for continuing.,,,N/A,,,NO_SUPPORTED_MECHANISM,APPROVE,,Imported from Aaryatech_Behavioral_Review_MASTER_APPROVED.xlsx
MAP-EV-e9de5dce3b64,EV-e9de5dce3b64,APP-00652,BM-006,Friction,The work arrangement creates a concrete effort/commute obstacle.,,,MODERATE,,,PROPOSED,APPROVE,,Imported from Aaryatech_Behavioral_Review_MASTER_APPROVED.xlsx
MAP-EV-130d70b8ab97,EV-130d70b8ab97,APP-00656,,,Positive forward-looking language is not enough for Commitment/Consistency; the library requires a specific prior commitment as the reason for continuing.,,,N/A,,,NO_SUPPORTED_MECHANISM,APPROVE,,Imported from Aaryatech_Behavioral_Review_MASTER_APPROVED.xlsx
MAP-EV-c7273ce65ddc,EV-c7273ce65ddc,APP-00663,,,"Excitement/positive affect is an emotional signal, not by itself one of the frozen behavioral mechanisms.",,,N/A,,,NO_SUPPORTED_MECHANISM,APPROVE,,Imported from Aaryatech_Behavioral_Review_MASTER_APPROVED.xlsx
MAP-EV-e497a2fdd6d3,EV-e497a2fdd6d3,APP-00691,,,Withdrawal is an outcome/action; without an explicit reason it should not be forced into a behavioral mechanism.,,,N/A,,,NO_SUPPORTED_MECHANISM,APPROVE,,Imported from Aaryatech_Behavioral_Review_MASTER_APPROVED.xlsx
MAP-EV-da1669c0a328,EV-da1669c0a328,APP-00698,BM-006,Friction,"The evidence describes a concrete onboarding/documentation step, repetition, delay, or point of confusion that can add effort.",,,MODERATE,,,PROPOSED,APPROVE,,Imported from Aaryatech_Behavioral_Review_MASTER_APPROVED.xlsx
MAP-EV-04eec378ebd3,EV-04eec378ebd3,APP-00702,BM-029,Uncertainty / Ambiguity Aversion,The candidate is seeking certainty or reacting to uncertainty around the expected joining date.,,,MODERATE,,,PROPOSED,APPROVE,,Imported from Aaryatech_Behavioral_Review_MASTER_APPROVED.xlsx
MAP-EV-bdce6b8d9aaa,EV-bdce6b8d9aaa,APP-00706,BM-006,Friction,The schedule/shift constraint is a concrete practical obstacle that increases effort or difficulty.,,,MODERATE,,,PROPOSED,APPROVE,,Imported from Aaryatech_Behavioral_Review_MASTER_APPROVED.xlsx
MAP-EV-71240829710b,EV-71240829710b,APP-00716,BM-029,Uncertainty / Ambiguity Aversion,The candidate is seeking certainty or reacting to uncertainty around the expected joining date.,,,MODERATE,,,PROPOSED,APPROVE,,Imported from Aaryatech_Behavioral_Review_MASTER_APPROVED.xlsx
MAP-EV-97437dfa649d,EV-97437dfa649d,APP-00730,,,"A pay concern is present, but the frozen library requires a reference comparison or fairness frame before assigning Anchoring/Fairness.",,,N/A,,,NO_SUPPORTED_MECHANISM,APPROVE,,Imported from Aaryatech_Behavioral_Review_MASTER_APPROVED.xlsx
MAP-EV-ceb1a6bbbe9a,EV-ceb1a6bbbe9a,APP-00736,BM-029,Uncertainty / Ambiguity Aversion,"The candidate is seeking predictability about contract duration/stability, directly expressing uncertainty about what to expect.",,,HIGH,,,PROPOSED,APPROVE,,Imported from Aaryatech_Behavioral_Review_MASTER_APPROVED.xlsx
MAP-EV-a5e52b1c7b4c,EV-a5e52b1c7b4c,APP-00741,BM-001,Status Quo Bias,Commute/transport evidence indicates resistance or hesitation about changing an established travel routine to adapt to the new job location; proposed as Status Quo Bias for human validation.,,,MODERATE,,BM-006 Friction,PROPOSED,APPROVE,,Imported from Aaryatech_Behavioral_Review_MASTER_APPROVED.xlsx
MAP-EV-4a720b4828d4,EV-4a720b4828d4,APP-00741,BM-001,Status Quo Bias,Commute/transport evidence indicates resistance or hesitation about changing an established travel routine to adapt to the new job location; proposed as Status Quo Bias for human validation.,,,MODERATE,,BM-006 Friction,PROPOSED,APPROVE,,Imported from Aaryatech_Behavioral_Review_MASTER_APPROVED.xlsx
MAP-EV-623db4653df2,EV-623db4653df2,APP-00752,,,"Contradictory information is flagged, but the behavioral consequence is not explicit.",,,N/A,,,NO_SUPPORTED_MECHANISM,APPROVE,,Imported from Aaryatech_Behavioral_Review_MASTER_APPROVED.xlsx
MAP-EV-7eeee7fc51fb,EV-7eeee7fc51fb,APP-00759,BM-006,Friction,"The evidence describes a concrete onboarding/documentation step, repetition, delay, or point of confusion that can add effort.",,,MODERATE,,,PROPOSED,APPROVE,,Imported from Aaryatech_Behavioral_Review_MASTER_APPROVED.xlsx
MAP-EV-6ab4325b56a2,EV-6ab4325b56a2,APP-00762,BM-001,Status Quo Bias,Status Quo Bias — candidate shows hesitation or resistance to leaving the current/familiar job situation and moving to the new role. This is a proposed behavioral interpretation for human validation; recruiter follow-up should collect the candidate's specific reasons rather than assume the cause.,,,MODERATE,,,PROPOSED,APPROVE,,Imported from Aaryatech_Behavioral_Review_MASTER_APPROVED.xlsx
MAP-EV-19d7e65f7b36,EV-19d7e65f7b36,APP-00770,BM-029,Uncertainty / Ambiguity Aversion,The mismatch/changed information creates ambiguity about what the role will actually involve.,,,MODERATE,,,PROPOSED,APPROVE,,Imported from Aaryatech_Behavioral_Review_MASTER_APPROVED.xlsx
MAP-EV-29c781be0f05,EV-29c781be0f05,APP-00789,BM-006,Friction,The work arrangement creates a concrete effort/commute obstacle.,,,MODERATE,,,PROPOSED,APPROVE,,Imported from Aaryatech_Behavioral_Review_MASTER_APPROVED.xlsx
MAP-EV-233aa84248aa,EV-233aa84248aa,APP-00789,BM-006,Friction,The work arrangement creates a concrete effort/commute obstacle.,,,MODERATE,,,PROPOSED,APPROVE,,Imported from Aaryatech_Behavioral_Review_MASTER_APPROVED.xlsx
MAP-EV-8c9f792e886f,EV-8c9f792e886f,APP-00797,BM-029,Uncertainty / Ambiguity Aversion,The statement centers on not knowing what to expect and seeking greater predictability.,,,HIGH,,,PROPOSED,APPROVE,,Imported from Aaryatech_Behavioral_Review_MASTER_APPROVED.xlsx
MAP-EV-dc52880c545f,EV-dc52880c545f,APP-00803,,,"Excitement/positive affect is an emotional signal, not by itself one of the frozen behavioral mechanisms.",,,N/A,,,NO_SUPPORTED_MECHANISM,APPROVE,,Imported from Aaryatech_Behavioral_Review_MASTER_APPROVED.xlsx
MAP-EV-a3a1fc9a56af,EV-a3a1fc9a56af,APP-00803,,,Positive forward-looking language is not enough for Commitment/Consistency; the library requires a specific prior commitment as the reason for continuing.,,,N/A,,,NO_SUPPORTED_MECHANISM,APPROVE,,Imported from Aaryatech_Behavioral_Review_MASTER_APPROVED.xlsx
MAP-EV-c708171c9f0e,EV-c708171c9f0e,APP-00827,,,"A question is evidence of information seeking, but the content does not clearly satisfy a frozen behavioral mechanism.",,,N/A,,,NO_SUPPORTED_MECHANISM,APPROVE,,Imported from Aaryatech_Behavioral_Review_MASTER_APPROVED.xlsx
MAP-EV-6352973f10a0,EV-6352973f10a0,APP-00828,BM-006,Friction,"The evidence describes a concrete onboarding/documentation step, repetition, delay, or point of confusion that can add effort.",,,MODERATE,,,PROPOSED,APPROVE,,Imported from Aaryatech_Behavioral_Review_MASTER_APPROVED.xlsx
MAP-EV-caf56dff01d1,EV-caf56dff01d1,APP-00828,BM-006,Friction,"The evidence describes a concrete onboarding/documentation step, repetition, delay, or point of confusion that can add effort.",,,MODERATE,,,PROPOSED,APPROVE,,Imported from Aaryatech_Behavioral_Review_MASTER_APPROVED.xlsx
MAP-EV-d8b170d54554,EV-d8b170d54554,APP-00860,,,"Response brevity/speed is an observable communication signal, but it does not by itself satisfy a frozen mechanism's evidence requirement.",,,N/A,,,NO_SUPPORTED_MECHANISM,APPROVE,,Imported from Aaryatech_Behavioral_Review_MASTER_APPROVED.xlsx
MAP-EV-30c0d6ce7892,EV-30c0d6ce7892,APP-00875,,,"Excitement/positive affect is an emotional signal, not by itself one of the frozen behavioral mechanisms.",,,N/A,,,NO_SUPPORTED_MECHANISM,APPROVE,,Imported from Aaryatech_Behavioral_Review_MASTER_APPROVED.xlsx
MAP-EV-b426360ae4ad,EV-b426360ae4ad,APP-00876,,,Withdrawal is an outcome/action; without an explicit reason it should not be forced into a behavioral mechanism.,,,N/A,,,NO_SUPPORTED_MECHANISM,APPROVE,,Imported from Aaryatech_Behavioral_Review_MASTER_APPROVED.xlsx
MAP-EV-9259747dcf6f,EV-9259747dcf6f,APP-00889,BM-029,Uncertainty / Ambiguity Aversion,The statement centers on not knowing what to expect and seeking greater predictability.,,,MODERATE,,,PROPOSED,APPROVE,,Imported from Aaryatech_Behavioral_Review_MASTER_APPROVED.xlsx
MAP-EV-e77785a00ce3,EV-e77785a00ce3,APP-00890,BM-001,Status Quo Bias,Commute/transport evidence indicates resistance or hesitation about changing an established travel routine to adapt to the new job location; proposed as Status Quo Bias for human validation.,,,MODERATE,,BM-006 Friction,PROPOSED,APPROVE,,Imported from Aaryatech_Behavioral_Review_MASTER_APPROVED.xlsx
MAP-EV-f8a58c57455e,EV-f8a58c57455e,APP-00922,BM-029,Uncertainty / Ambiguity Aversion,"The candidate is seeking predictability about contract duration/stability, directly expressing uncertainty about what to expect.",,,HIGH,,,PROPOSED,APPROVE,,Imported from Aaryatech_Behavioral_Review_MASTER_APPROVED.xlsx
MAP-EV-1962996ce8b3,EV-1962996ce8b3,APP-00953,BM-006,Friction,"The evidence describes a concrete onboarding/documentation step, repetition, delay, or point of confusion that can add effort.",,,MODERATE,,,PROPOSED,APPROVE,,Imported from Aaryatech_Behavioral_Review_MASTER_APPROVED.xlsx
MAP-EV-c97443508e1a,EV-c97443508e1a,APP-00960,BM-029,Uncertainty / Ambiguity Aversion,"The candidate is seeking predictability about contract duration/stability, directly expressing uncertainty about what to expect.",,,HIGH,,,PROPOSED,APPROVE,,Imported from Aaryatech_Behavioral_Review_MASTER_APPROVED.xlsx
MAP-EV-8f5525229c11,EV-8f5525229c11,APP-00968,BM-001,Status Quo Bias,Status Quo Bias — candidate shows hesitation or resistance to leaving the current/familiar job situation and moving to the new role. This is a proposed behavioral interpretation for human validation; recruiter follow-up should collect the candidate's specific reasons rather than assume the cause.,,,MODERATE,,,PROPOSED,APPROVE,,Imported from Aaryatech_Behavioral_Review_MASTER_APPROVED.xlsx
MAP-EV-d17478f6a097,EV-d17478f6a097,APP-00969,BM-010,Endowment Effect,"The candidate appears to place extra value on something already held, such as the current role, benefits, arrangement, or position, making the change harder.",,,N/A,,,PROPOSED,APPROVE,,Imported from Aaryatech_Behavioral_Review_MASTER_APPROVED.xlsx
MAP-EV-e1b6c456df15,EV-e1b6c456df15,APP-00974,BM-006,Friction,The evidence describes a concrete commute/transportation difficulty that adds effort or makes joining harder.,,,HIGH,,,PROPOSED,APPROVE,,Imported from Aaryatech_Behavioral_Review_MASTER_APPROVED.xlsx
MAP-EV-128aba9c0355,EV-128aba9c0355,APP-01017,BM-006,Friction,"The evidence describes a concrete onboarding/documentation step, repetition, delay, or point of confusion that can add effort.",,,MODERATE,,,PROPOSED,APPROVE,,Imported from Aaryatech_Behavioral_Review_MASTER_APPROVED.xlsx
MAP-EV-9e66b95de83e,EV-9e66b95de83e,APP-01029,BM-029,Uncertainty / Ambiguity Aversion,"The candidate is seeking predictability about contract duration/stability, directly expressing uncertainty about what to expect.",,,HIGH,,,PROPOSED,APPROVE,,Imported from Aaryatech_Behavioral_Review_MASTER_APPROVED.xlsx
MAP-EV-064a6bf69758,EV-064a6bf69758,APP-01041,,,Positive forward-looking language is not enough for Commitment/Consistency; the library requires a specific prior commitment as the reason for continuing.,,,N/A,,,NO_SUPPORTED_MECHANISM,APPROVE,,Imported from Aaryatech_Behavioral_Review_MASTER_APPROVED.xlsx
MAP-EV-a4a09d773a25,EV-a4a09d773a25,APP-01042,BM-029,Uncertainty / Ambiguity Aversion,"The candidate is seeking predictability about contract duration/stability, directly expressing uncertainty about what to expect.",,,HIGH,,,PROPOSED,APPROVE,,Imported from Aaryatech_Behavioral_Review_MASTER_APPROVED.xlsx
MAP-EV-f0ff79ad241f,EV-f0ff79ad241f,APP-01088,BM-006,Friction,A specific process delay is described as an obstacle in completing the recruitment/onboarding journey.,,,HIGH,,,PROPOSED,APPROVE,,Imported from Aaryatech_Behavioral_Review_MASTER_APPROVED.xlsx
MAP-EV-c6b44be74f61,EV-c6b44be74f61,APP-01089,BM-006,Friction,"The evidence describes a concrete onboarding/documentation step, repetition, delay, or point of confusion that can add effort.",,,MODERATE,,,PROPOSED,APPROVE,,Imported from Aaryatech_Behavioral_Review_MASTER_APPROVED.xlsx
MAP-EV-c68d7a58e35c,EV-c68d7a58e35c,APP-01093,BM-029,Uncertainty / Ambiguity Aversion,The statement centers on not knowing what to expect and seeking greater predictability.,,,HIGH,,,PROPOSED,APPROVE,,Imported from Aaryatech_Behavioral_Review_MASTER_APPROVED.xlsx
MAP-EV-0a58168003c4,EV-0a58168003c4,APP-01120,BM-029,Uncertainty / Ambiguity Aversion,The statement centers on not knowing what to expect and seeking greater predictability.,,,MODERATE,,,PROPOSED,APPROVE,,Imported from Aaryatech_Behavioral_Review_MASTER_APPROVED.xlsx
MAP-EV-2e9050154b98,EV-2e9050154b98,APP-01121,BM-006,Friction,"The evidence describes a concrete onboarding/documentation step, repetition, delay, or point of confusion that can add effort.",,,MODERATE,,,PROPOSED,APPROVE,,Imported from Aaryatech_Behavioral_Review_MASTER_APPROVED.xlsx
MAP-EV-6fca1967ee50,EV-6fca1967ee50,APP-01132,BM-006,Friction,The question identifies a concrete process/logistics point that may add effort or confusion.,,,MODERATE,,,PROPOSED,APPROVE,,Imported from Aaryatech_Behavioral_Review_MASTER_APPROVED.xlsx
MAP-EV-545a18a642a3,EV-545a18a642a3,APP-01141,BM-029,Uncertainty / Ambiguity Aversion,The mismatch/changed information creates ambiguity about what the role will actually involve.,,,MODERATE,,,PROPOSED,APPROVE,,Imported from Aaryatech_Behavioral_Review_MASTER_APPROVED.xlsx
MAP-EV-cda0dcb23d58,EV-cda0dcb23d58,APP-01146,BM-001,Status Quo Bias,Commute/transport evidence indicates resistance or hesitation about changing an established travel routine to adapt to the new job location; proposed as Status Quo Bias for human validation.,,,MODERATE,,BM-006 Friction,PROPOSED,APPROVE,,Imported from Aaryatech_Behavioral_Review_MASTER_APPROVED.xlsx
MAP-EV-3ebb4902ed9a,EV-3ebb4902ed9a,APP-01148,BM-006,Friction,The schedule/shift constraint is a concrete practical obstacle that increases effort or difficulty.,,,MODERATE,,,PROPOSED,APPROVE,,Imported from Aaryatech_Behavioral_Review_MASTER_APPROVED.xlsx
MAP-EV-3bd72afa14f8,EV-3bd72afa14f8,APP-01151,BM-029,Uncertainty / Ambiguity Aversion,"The candidate is seeking predictability about contract duration/stability, directly expressing uncertainty about what to expect.",,,HIGH,,,PROPOSED,APPROVE,,Imported from Aaryatech_Behavioral_Review_MASTER_APPROVED.xlsx
MAP-EV-05da564316c9,EV-05da564316c9,APP-01161,BM-006,Friction,The schedule/shift constraint is a concrete practical obstacle that increases effort or difficulty.,,,MODERATE,,,PROPOSED,APPROVE,,Imported from Aaryatech_Behavioral_Review_MASTER_APPROVED.xlsx
MAP-EV-185b5bdaf85a,EV-185b5bdaf85a,APP-01171,BM-029,Uncertainty / Ambiguity Aversion,The statement centers on not knowing what to expect and seeking greater predictability.,,,HIGH,,,PROPOSED,APPROVE,,Imported from Aaryatech_Behavioral_Review_MASTER_APPROVED.xlsx
MAP-EV-7d4b1e3e8df5,EV-7d4b1e3e8df5,APP-01174,,,"Contradictory information is flagged, but the behavioral consequence is not explicit.",,,N/A,,,NO_SUPPORTED_MECHANISM,APPROVE,,Imported from Aaryatech_Behavioral_Review_MASTER_APPROVED.xlsx
MAP-EV-b6f2ba1d05f9,EV-b6f2ba1d05f9,APP-01204,BM-029,Uncertainty / Ambiguity Aversion,The candidate is seeking certainty or reacting to uncertainty around the expected joining date.,,,MODERATE,,,PROPOSED,APPROVE,,Imported from Aaryatech_Behavioral_Review_MASTER_APPROVED.xlsx
MAP-EV-17ddfaf9a9f8,EV-17ddfaf9a9f8,APP-01209,BM-029,Uncertainty / Ambiguity Aversion,The candidate is seeking certainty or reacting to uncertainty around the expected joining date.,,,MODERATE,,,PROPOSED,APPROVE,,Imported from Aaryatech_Behavioral_Review_MASTER_APPROVED.xlsx
MAP-EV-a75d2cdb0b40,EV-a75d2cdb0b40,APP-01226,,,"A competing opportunity is present, but choosing between alternatives does not itself prove Loss Aversion, Scarcity, or another mechanism.",,,N/A,,,NO_SUPPORTED_MECHANISM,APPROVE,,Imported from Aaryatech_Behavioral_Review_MASTER_APPROVED.xlsx
MAP-EV-2e65e2208a27,EV-2e65e2208a27,APP-01226,,,"A competing opportunity is present, but choosing between alternatives does not itself prove Loss Aversion, Scarcity, or another mechanism.",,,N/A,,,NO_SUPPORTED_MECHANISM,APPROVE,,Imported from Aaryatech_Behavioral_Review_MASTER_APPROVED.xlsx
MAP-EV-3c31ef7acf60,EV-3c31ef7acf60,APP-01248,BM-006,Friction,"The evidence describes a concrete onboarding/documentation step, repetition, delay, or point of confusion that can add effort.",,,MODERATE,,,PROPOSED,APPROVE,,Imported from Aaryatech_Behavioral_Review_MASTER_APPROVED.xlsx
MAP-EV-55f75c00a17f,EV-55f75c00a17f,APP-01265,,,"A competing opportunity is present, but choosing between alternatives does not itself prove Loss Aversion, Scarcity, or another mechanism.",,,N/A,,,NO_SUPPORTED_MECHANISM,APPROVE,,Imported from Aaryatech_Behavioral_Review_MASTER_APPROVED.xlsx
MAP-EV-f1e896abec39,EV-f1e896abec39,APP-01266,BM-001,Status Quo Bias,Commute/transport evidence indicates resistance or hesitation about changing an established travel routine to adapt to the new job location; proposed as Status Quo Bias for human validation.,,,MODERATE,,BM-006 Friction,PROPOSED,APPROVE,,Imported from Aaryatech_Behavioral_Review_MASTER_APPROVED.xlsx
MAP-EV-87ebf5c60f42,EV-87ebf5c60f42,APP-01270,,,"A question is evidence of information seeking, but the content does not clearly satisfy a frozen behavioral mechanism.",,,N/A,,,NO_SUPPORTED_MECHANISM,APPROVE,,Imported from Aaryatech_Behavioral_Review_MASTER_APPROVED.xlsx
MAP-EV-e2e3e550c822,EV-e2e3e550c822,APP-01270,BM-006,Friction,The work arrangement creates a concrete effort/commute obstacle.,,,MODERATE,,,PROPOSED,APPROVE,,Imported from Aaryatech_Behavioral_Review_MASTER_APPROVED.xlsx
MAP-EV-16a10a655ab0,EV-16a10a655ab0,APP-01274,BM-029,Uncertainty / Ambiguity Aversion,The statement centers on not knowing what to expect and seeking greater predictability.,,,HIGH,,,PROPOSED,APPROVE,,Imported from Aaryatech_Behavioral_Review_MASTER_APPROVED.xlsx
MAP-EV-76d78daf577f,EV-76d78daf577f,APP-01288,,,Withdrawal is an outcome/action; without an explicit reason it should not be forced into a behavioral mechanism.,,,N/A,,,NO_SUPPORTED_MECHANISM,APPROVE,,Imported from Aaryatech_Behavioral_Review_MASTER_APPROVED.xlsx
MAP-EV-7a45d218e5f5,EV-7a45d218e5f5,APP-01289,,,"A pay concern is present, but the frozen library requires a reference comparison or fairness frame before assigning Anchoring/Fairness.",,,N/A,,,NO_SUPPORTED_MECHANISM,APPROVE,,Imported from Aaryatech_Behavioral_Review_MASTER_APPROVED.xlsx
MAP-EV-4a93dc237c4e,EV-4a93dc237c4e,APP-01290,BM-029,Uncertainty / Ambiguity Aversion,The statement centers on not knowing what to expect and seeking greater predictability.,,,MODERATE,,,PROPOSED,APPROVE,,Imported from Aaryatech_Behavioral_Review_MASTER_APPROVED.xlsx
MAP-EV-b07834685021,EV-b07834685021,APP-01290,,,Withdrawal is an outcome/action; without an explicit reason it should not be forced into a behavioral mechanism.,,,N/A,,,NO_SUPPORTED_MECHANISM,APPROVE,,Imported from Aaryatech_Behavioral_Review_MASTER_APPROVED.xlsx
MAP-EV-ff5d8d4c48f6,EV-ff5d8d4c48f6,APP-01293,,,"Hesitation is observable, but its behavioral mechanism is not established by the available context.",,,N/A,,,NO_SUPPORTED_MECHANISM,APPROVE,,Imported from Aaryatech_Behavioral_Review_MASTER_APPROVED.xlsx
MAP-EV-1d415102ef15,EV-1d415102ef15,APP-01295,BM-029,Uncertainty / Ambiguity Aversion,The candidate is seeking certainty or reacting to uncertainty around the expected joining date.,,,MODERATE,,,PROPOSED,APPROVE,,Imported from Aaryatech_Behavioral_Review_MASTER_APPROVED.xlsx
MAP-EV-d38d4343c726,EV-d38d4343c726,APP-01296,BM-029,Uncertainty / Ambiguity Aversion,The statement centers on not knowing what to expect and seeking greater predictability.,,,MODERATE,,,PROPOSED,APPROVE,,Imported from Aaryatech_Behavioral_Review_MASTER_APPROVED.xlsx
MAP-EV-3f21adbb9f0e,EV-3f21adbb9f0e,APP-01303,BM-029,Uncertainty / Ambiguity Aversion,The mismatch/changed information creates ambiguity about what the role will actually involve.,,,MODERATE,,,PROPOSED,APPROVE,,Imported from Aaryatech_Behavioral_Review_MASTER_APPROVED.xlsx
MAP-EV-c9a498716eff,EV-c9a498716eff,APP-01305,BM-029,Uncertainty / Ambiguity Aversion,The hesitation is explicitly tied to uncertainty or not knowing what to expect.,,,MODERATE,,,PROPOSED,APPROVE,,Imported from Aaryatech_Behavioral_Review_MASTER_APPROVED.xlsx
MAP-EV-fd6e2cf8312d,EV-fd6e2cf8312d,APP-01325,BM-016,Peak-End Rule,The evidence suggests that a particularly salient or final part of the candidate experience may be disproportionately shaping the overall judgment.,,,N/A,,,PROPOSED,APPROVE,,Imported from Aaryatech_Behavioral_Review_MASTER_APPROVED.xlsx
MAP-EV-81510ef8e79b,EV-81510ef8e79b,APP-01344,,,"A competing opportunity is present, but choosing between alternatives does not itself prove Loss Aversion, Scarcity, or another mechanism.",,,N/A,,,NO_SUPPORTED_MECHANISM,APPROVE,,Imported from Aaryatech_Behavioral_Review_MASTER_APPROVED.xlsx
MAP-EV-199b9672f8ed,EV-199b9672f8ed,APP-01368,,,"Hesitation is observable, but its behavioral mechanism is not established by the available context.",,,N/A,,,NO_SUPPORTED_MECHANISM,APPROVE,,Imported from Aaryatech_Behavioral_Review_MASTER_APPROVED.xlsx
MAP-EV-df258d0d56d9,EV-df258d0d56d9,APP-01376,BM-001,Status Quo Bias,Commute/transport evidence indicates resistance or hesitation about changing an established travel routine to adapt to the new job location; proposed as Status Quo Bias for human validation.,,,MODERATE,,BM-006 Friction,PROPOSED,APPROVE,,Imported from Aaryatech_Behavioral_Review_MASTER_APPROVED.xlsx
MAP-EV-3ab6de11ec0b,EV-3ab6de11ec0b,APP-01380,,,Positive forward-looking language is not enough for Commitment/Consistency; the library requires a specific prior commitment as the reason for continuing.,,,N/A,,,NO_SUPPORTED_MECHANISM,APPROVE,,Imported from Aaryatech_Behavioral_Review_MASTER_APPROVED.xlsx
MAP-EV-b108de12e89e,EV-b108de12e89e,APP-01403,,,"Response brevity/speed is an observable communication signal, but it does not by itself satisfy a frozen mechanism's evidence requirement.",,,N/A,,,NO_SUPPORTED_MECHANISM,APPROVE,,Imported from Aaryatech_Behavioral_Review_MASTER_APPROVED.xlsx
MAP-EV-e9f9fa7c8c3e,EV-e9f9fa7c8c3e,APP-01407,,,Positive forward-looking language is not enough for Commitment/Consistency; the library requires a specific prior commitment as the reason for continuing.,,,N/A,,,NO_SUPPORTED_MECHANISM,APPROVE,,Imported from Aaryatech_Behavioral_Review_MASTER_APPROVED.xlsx
MAP-EV-355f3b111b29,EV-355f3b111b29,APP-01408,BM-029,Uncertainty / Ambiguity Aversion,"The candidate is seeking predictability about contract duration/stability, directly expressing uncertainty about what to expect.",,,HIGH,,,PROPOSED,APPROVE,,Imported from Aaryatech_Behavioral_Review_MASTER_APPROVED.xlsx
MAP-EV-cc9ea747827f,EV-cc9ea747827f,APP-01408,BM-029,Uncertainty / Ambiguity Aversion,The question seeks predictability about employment duration/stability.,,,HIGH,,,PROPOSED,APPROVE,,Imported from Aaryatech_Behavioral_Review_MASTER_APPROVED.xlsx
MAP-EV-ce8d0db01404,EV-ce8d0db01404,APP-01424,,,"A pay concern is present, but the frozen library requires a reference comparison or fairness frame before assigning Anchoring/Fairness.",,,N/A,,,NO_SUPPORTED_MECHANISM,APPROVE,,Imported from Aaryatech_Behavioral_Review_MASTER_APPROVED.xlsx
MAP-EV-dc725cf78438,EV-dc725cf78438,APP-01433,BM-006,Friction,A specific process delay is described as an obstacle in completing the recruitment/onboarding journey.,,,HIGH,,,PROPOSED,APPROVE,,Imported from Aaryatech_Behavioral_Review_MASTER_APPROVED.xlsx
MAP-EV-aa86b4195811,EV-aa86b4195811,APP-01488,,,"Response brevity/speed is an observable communication signal, but it does not by itself satisfy a frozen mechanism's evidence requirement.",,,N/A,,,NO_SUPPORTED_MECHANISM,APPROVE,,Imported from Aaryatech_Behavioral_Review_MASTER_APPROVED.xlsx
MAP-EV-5c33261f269f,EV-5c33261f269f,APP-01492,,,Positive forward-looking language is not enough for Commitment/Consistency; the library requires a specific prior commitment as the reason for continuing.,,,N/A,,,NO_SUPPORTED_MECHANISM,APPROVE,,Imported from Aaryatech_Behavioral_Review_MASTER_APPROVED.xlsx
MAP-EV-04dd76732dd6,EV-04dd76732dd6,APP-01495,,,Positive forward-looking language is not enough for Commitment/Consistency; the library requires a specific prior commitment as the reason for continuing.,,,N/A,,,NO_SUPPORTED_MECHANISM,APPROVE,,Imported from Aaryatech_Behavioral_Review_MASTER_APPROVED.xlsx
MAP-EV-7947a61ac837,EV-7947a61ac837,APP-01497,BM-029,Uncertainty / Ambiguity Aversion,The statement centers on not knowing what to expect and seeking greater predictability.,,,HIGH,,,PROPOSED,APPROVE,,Imported from Aaryatech_Behavioral_Review_MASTER_APPROVED.xlsx
MAP-EV-7f013fb0d0fb,EV-7f013fb0d0fb,APP-01505,BM-006,Friction,A specific process delay is described as an obstacle in completing the recruitment/onboarding journey.,,,HIGH,,,PROPOSED,APPROVE,,Imported from Aaryatech_Behavioral_Review_MASTER_APPROVED.xlsx
MAP-EV-1a21f63454ee,EV-1a21f63454ee,APP-01505,BM-006,Friction,A specific process delay is described as an obstacle in completing the recruitment/onboarding journey.,,,HIGH,,,PROPOSED,APPROVE,,Imported from Aaryatech_Behavioral_Review_MASTER_APPROVED.xlsx
MAP-EV-c561d4448e6c,EV-c561d4448e6c,APP-01509,BM-029,Uncertainty / Ambiguity Aversion,"The candidate is seeking predictability about contract duration/stability, directly expressing uncertainty about what to expect.",,,HIGH,,,PROPOSED,APPROVE,,Imported from Aaryatech_Behavioral_Review_MASTER_APPROVED.xlsx
MAP-EV-d501e195ef32,EV-d501e195ef32,APP-01561,BM-001,Status Quo Bias,Status Quo Bias — candidate shows hesitation or resistance to leaving the current/familiar job situation and moving to the new role. This is a proposed behavioral interpretation for human validation; recruiter follow-up should collect the candidate's specific reasons rather than assume the cause.,,,MODERATE,,,PROPOSED,APPROVE,,Imported from Aaryatech_Behavioral_Review_MASTER_APPROVED.xlsx
MAP-EV-453d11625e67,EV-453d11625e67,APP-01565,BM-029,Uncertainty / Ambiguity Aversion,"The candidate is seeking predictability about contract duration/stability, directly expressing uncertainty about what to expect.",,,HIGH,,,PROPOSED,APPROVE,,Imported from Aaryatech_Behavioral_Review_MASTER_APPROVED.xlsx
MAP-EV-956aa117c881,EV-956aa117c881,APP-01566,BM-006,Friction,A specific process delay is described as an obstacle in completing the recruitment/onboarding journey.,,,HIGH,,,PROPOSED,APPROVE,,Imported from Aaryatech_Behavioral_Review_MASTER_APPROVED.xlsx
MAP-EV-8fe8231e9185,EV-8fe8231e9185,APP-01574,BM-029,Uncertainty / Ambiguity Aversion,The hesitation is explicitly tied to uncertainty or not knowing what to expect.,,,MODERATE,,,PROPOSED,APPROVE,,Imported from Aaryatech_Behavioral_Review_MASTER_APPROVED.xlsx
MAP-EV-17239d3b5cd5,EV-17239d3b5cd5,APP-01574,,,"A pay concern is present, but the frozen library requires a reference comparison or fairness frame before assigning Anchoring/Fairness.",,,N/A,,,NO_SUPPORTED_MECHANISM,APPROVE,,Imported from Aaryatech_Behavioral_Review_MASTER_APPROVED.xlsx
MAP-EV-288dc0e98f34,EV-288dc0e98f34,APP-01631,BM-001,Status Quo Bias,Status Quo Bias — candidate shows hesitation or resistance to leaving the current/familiar job situation and moving to the new role. This is a proposed behavioral interpretation for human validation; recruiter follow-up should collect the candidate's specific reasons rather than assume the cause.,,,MODERATE,,,PROPOSED,APPROVE,,Imported from Aaryatech_Behavioral_Review_MASTER_APPROVED.xlsx
MAP-EV-761e5cbb7b3e,EV-761e5cbb7b3e,APP-01638,,,"A pay concern is present, but the frozen library requires a reference comparison or fairness frame before assigning Anchoring/Fairness.",,,N/A,,,NO_SUPPORTED_MECHANISM,APPROVE,,Imported from Aaryatech_Behavioral_Review_MASTER_APPROVED.xlsx
MAP-EV-5aefa0cc92ea,EV-5aefa0cc92ea,APP-01657,BM-029,Uncertainty / Ambiguity Aversion,The statement centers on not knowing what to expect and seeking greater predictability.,,,MODERATE,,,PROPOSED,APPROVE,,Imported from Aaryatech_Behavioral_Review_MASTER_APPROVED.xlsx
MAP-EV-0c5755e5618c,EV-0c5755e5618c,APP-01662,BM-001,Status Quo Bias,Status Quo Bias — candidate shows hesitation or resistance to leaving the current/familiar job situation and moving to the new role. This is a proposed behavioral interpretation for human validation; recruiter follow-up should collect the candidate's specific reasons rather than assume the cause.,,,MODERATE,,,PROPOSED,APPROVE,,Imported from Aaryatech_Behavioral_Review_MASTER_APPROVED.xlsx
MAP-EV-2bc55d0c4076,EV-2bc55d0c4076,APP-01672,BM-006,Friction,"The evidence describes a concrete onboarding/documentation step, repetition, delay, or point of confusion that can add effort.",,,MODERATE,,,PROPOSED,APPROVE,,Imported from Aaryatech_Behavioral_Review_MASTER_APPROVED.xlsx
MAP-EV-dc8a3e62d504,EV-dc8a3e62d504,APP-01687,BM-029,Uncertainty / Ambiguity Aversion,The candidate is seeking certainty or reacting to uncertainty around the expected joining date.,,,MODERATE,,BM-006 Friction,PROPOSED,APPROVE,,Imported from Aaryatech_Behavioral_Review_MASTER_APPROVED.xlsx
MAP-EV-1647640e46b4,EV-1647640e46b4,APP-01692,BM-001,Status Quo Bias,Status Quo Bias — candidate shows hesitation or resistance to leaving the current/familiar job situation and moving to the new role. This is a proposed behavioral interpretation for human validation; recruiter follow-up should collect the candidate's specific reasons rather than assume the cause.,,,MODERATE,,,PROPOSED,APPROVE,,Imported from Aaryatech_Behavioral_Review_MASTER_APPROVED.xlsx
MAP-EV-261aa41abf80,EV-261aa41abf80,APP-01695,BM-006,Friction,"The evidence describes a concrete onboarding/documentation step, repetition, delay, or point of confusion that can add effort.",,,MODERATE,,,PROPOSED,APPROVE,,Imported from Aaryatech_Behavioral_Review_MASTER_APPROVED.xlsx
MAP-EV-c0157493aca6,EV-c0157493aca6,APP-01696,BM-001,Status Quo Bias,Commute/transport evidence indicates resistance or hesitation about changing an established travel routine to adapt to the new job location; proposed as Status Quo Bias for human validation.,,,MODERATE,,BM-006 Friction,PROPOSED,APPROVE,,Imported from Aaryatech_Behavioral_Review_MASTER_APPROVED.xlsx
MAP-EV-96c44732a389,EV-96c44732a389,APP-01700,BM-029,Uncertainty / Ambiguity Aversion,The statement centers on not knowing what to expect and seeking greater predictability.,,,HIGH,,,PROPOSED,APPROVE,,Imported from Aaryatech_Behavioral_Review_MASTER_APPROVED.xlsx
MAP-EV-fca4df1ba99f,EV-fca4df1ba99f,APP-01723,BM-006,Friction,The schedule/shift constraint is a concrete practical obstacle that increases effort or difficulty.,,,MODERATE,,,PROPOSED,APPROVE,,Imported from Aaryatech_Behavioral_Review_MASTER_APPROVED.xlsx
MAP-EV-d6daac766c9f,EV-d6daac766c9f,APP-01732,BM-006,Friction,"The evidence describes a concrete onboarding/documentation step, repetition, delay, or point of confusion that can add effort.",,,MODERATE,,,PROPOSED,APPROVE,,Imported from Aaryatech_Behavioral_Review_MASTER_APPROVED.xlsx
MAP-EV-d2ad03d10f92,EV-d2ad03d10f92,APP-01759,,,"A pay concern is present, but the frozen library requires a reference comparison or fairness frame before assigning Anchoring/Fairness.",,,N/A,,,NO_SUPPORTED_MECHANISM,APPROVE,,Imported from Aaryatech_Behavioral_Review_MASTER_APPROVED.xlsx
MAP-EV-cdf14182e52c,EV-cdf14182e52c,APP-01770,,,"Response brevity/speed is an observable communication signal, but it does not by itself satisfy a frozen mechanism's evidence requirement.",,,N/A,,,NO_SUPPORTED_MECHANISM,APPROVE,,Imported from Aaryatech_Behavioral_Review_MASTER_APPROVED.xlsx
MAP-EV-cad37e4fee39,EV-cad37e4fee39,APP-01772,,,Positive forward-looking language is not enough for Commitment/Consistency; the library requires a specific prior commitment as the reason for continuing.,,,N/A,,,NO_SUPPORTED_MECHANISM,APPROVE,,Imported from Aaryatech_Behavioral_Review_MASTER_APPROVED.xlsx
MAP-EV-b78eb14c750a,EV-b78eb14c750a,APP-01789,,,Positive forward-looking language is not enough for Commitment/Consistency; the library requires a specific prior commitment as the reason for continuing.,,,N/A,,,NO_SUPPORTED_MECHANISM,APPROVE,,Imported from Aaryatech_Behavioral_Review_MASTER_APPROVED.xlsx
MAP-EV-df39b432c634,EV-df39b432c634,APP-01789,,,"Excitement/positive affect is an emotional signal, not by itself one of the frozen behavioral mechanisms.",,,N/A,,,NO_SUPPORTED_MECHANISM,APPROVE,,Imported from Aaryatech_Behavioral_Review_MASTER_APPROVED.xlsx
MAP-EV-e3c1459aa391,EV-e3c1459aa391,APP-01797,BM-006,Friction,"The evidence describes a concrete onboarding/documentation step, repetition, delay, or point of confusion that can add effort.",,,MODERATE,,,PROPOSED,APPROVE,,Imported from Aaryatech_Behavioral_Review_MASTER_APPROVED.xlsx
MAP-EV-1f5f60eb6c07,EV-1f5f60eb6c07,APP-01810,BM-006,Friction,The schedule/shift constraint is a concrete practical obstacle that increases effort or difficulty.,,,MODERATE,,,PROPOSED,APPROVE,,Imported from Aaryatech_Behavioral_Review_MASTER_APPROVED.xlsx
MAP-EV-3aa9fdfa5050,EV-3aa9fdfa5050,APP-01816,BM-006,Friction,"The evidence describes a concrete onboarding/documentation step, repetition, delay, or point of confusion that can add effort.",,,MODERATE,,,PROPOSED,APPROVE,,Imported from Aaryatech_Behavioral_Review_MASTER_APPROVED.xlsx
MAP-EV-39539ed3a67d,EV-39539ed3a67d,APP-01829,BM-013,Anchoring,The compensation judgment is explicitly made relative to an earlier expectation or reference amount.,,,HIGH,,,PROPOSED,APPROVE,,Imported from Aaryatech_Behavioral_Review_MASTER_APPROVED.xlsx
MAP-EV-d3514da81f58,EV-d3514da81f58,APP-01842,BM-006,Friction,A specific process delay is described as an obstacle in completing the recruitment/onboarding journey.,,,HIGH,,,PROPOSED,APPROVE,,Imported from Aaryatech_Behavioral_Review_MASTER_APPROVED.xlsx
MAP-EV-44a260d15253,EV-44a260d15253,APP-01842,BM-006,Friction,A specific process delay is described as an obstacle in completing the recruitment/onboarding journey.,,,HIGH,,,PROPOSED,APPROVE,,Imported from Aaryatech_Behavioral_Review_MASTER_APPROVED.xlsx
MAP-EV-00cb1c4db921,EV-00cb1c4db921,APP-01845,BM-029,Uncertainty / Ambiguity Aversion,The mismatch/changed information creates ambiguity about what the role will actually involve.,,,MODERATE,,,PROPOSED,APPROVE,,Imported from Aaryatech_Behavioral_Review_MASTER_APPROVED.xlsx
MAP-EV-7ba2e9320a78,EV-7ba2e9320a78,APP-01871,BM-006,Friction,The schedule/shift constraint is a concrete practical obstacle that increases effort or difficulty.,,,MODERATE,,,PROPOSED,APPROVE,,Imported from Aaryatech_Behavioral_Review_MASTER_APPROVED.xlsx
MAP-EV-90644e65fca9,EV-90644e65fca9,APP-01875,BM-013,Anchoring,The compensation judgment is explicitly made relative to an earlier expectation or reference amount.,,,HIGH,,,PROPOSED,APPROVE,,Imported from Aaryatech_Behavioral_Review_MASTER_APPROVED.xlsx
MAP-EV-ca46801e8636,EV-ca46801e8636,APP-01879,BM-001,Status Quo Bias,Status Quo Bias — candidate shows hesitation or resistance to leaving the current/familiar job situation and moving to the new role. This is a proposed behavioral interpretation for human validation; recruiter follow-up should collect the candidate's specific reasons rather than assume the cause.,,,MODERATE,,,PROPOSED,APPROVE,,Imported from Aaryatech_Behavioral_Review_MASTER_APPROVED.xlsx
MAP-EV-4e3a866d6d02,EV-4e3a866d6d02,APP-01879,BM-029,Uncertainty / Ambiguity Aversion,The candidate is seeking certainty or reacting to uncertainty around the expected joining date.,,,MODERATE,,BM-006 Friction,PROPOSED,APPROVE,,Imported from Aaryatech_Behavioral_Review_MASTER_APPROVED.xlsx
MAP-EV-acf4e8351bc2,EV-acf4e8351bc2,APP-01880,BM-006,Friction,"The evidence describes a concrete onboarding/documentation step, repetition, delay, or point of confusion that can add effort.",,,MODERATE,,,PROPOSED,APPROVE,,Imported from Aaryatech_Behavioral_Review_MASTER_APPROVED.xlsx
MAP-EV-272e93130208,EV-272e93130208,APP-01932,,,"A competing opportunity is present, but choosing between alternatives does not itself prove Loss Aversion, Scarcity, or another mechanism.",,,N/A,,,NO_SUPPORTED_MECHANISM,APPROVE,,Imported from Aaryatech_Behavioral_Review_MASTER_APPROVED.xlsx
MAP-EV-fb6382447c98,EV-fb6382447c98,APP-01952,BM-013,Anchoring,The compensation judgment is explicitly made relative to an earlier expectation or reference amount.,,,HIGH,,,PROPOSED,APPROVE,,Imported from Aaryatech_Behavioral_Review_MASTER_APPROVED.xlsx
MAP-EV-df6315d09da1,EV-df6315d09da1,APP-01954,,,"Response brevity/speed is an observable communication signal, but it does not by itself satisfy a frozen mechanism's evidence requirement.",,,N/A,,,NO_SUPPORTED_MECHANISM,APPROVE,,Imported from Aaryatech_Behavioral_Review_MASTER_APPROVED.xlsx
MAP-EV-ac493d39215b,EV-ac493d39215b,APP-01961,BM-029,Uncertainty / Ambiguity Aversion,The mismatch/changed information creates ambiguity about what the role will actually involve.,,,MODERATE,,,PROPOSED,APPROVE,,Imported from Aaryatech_Behavioral_Review_MASTER_APPROVED.xlsx
MAP-EV-f54f4ac5cb5c,EV-f54f4ac5cb5c,APP-01961,BM-006,Friction,The work arrangement creates a concrete effort/commute obstacle.,,,MODERATE,,,PROPOSED,APPROVE,,Imported from Aaryatech_Behavioral_Review_MASTER_APPROVED.xlsx
MAP-EV-0cbe2826bcb9,EV-0cbe2826bcb9,APP-01969,,,"Response brevity/speed is an observable communication signal, but it does not by itself satisfy a frozen mechanism's evidence requirement.",,,N/A,,,NO_SUPPORTED_MECHANISM,APPROVE,,Imported from Aaryatech_Behavioral_Review_MASTER_APPROVED.xlsx
MAP-EV-a6cb0f47459e,EV-a6cb0f47459e,APP-01969,,,"Response brevity/speed is an observable communication signal, but it does not by itself satisfy a frozen mechanism's evidence requirement.",,,N/A,,,NO_SUPPORTED_MECHANISM,APPROVE,,Imported from Aaryatech_Behavioral_Review_MASTER_APPROVED.xlsx
MAP-EV-4a750282fd44,EV-4a750282fd44,APP-01985,BM-029,Uncertainty / Ambiguity Aversion,The statement centers on not knowing what to expect and seeking greater predictability.,,,MODERATE,,,PROPOSED,APPROVE,,Imported from Aaryatech_Behavioral_Review_MASTER_APPROVED.xlsx
MAP-EV-0781a8f78254,EV-0781a8f78254,APP-01987,BM-006,Friction,"The evidence describes a concrete onboarding/documentation step, repetition, delay, or point of confusion that can add effort.",,,MODERATE,,,PROPOSED,APPROVE,,Imported from Aaryatech_Behavioral_Review_MASTER_APPROVED.xlsx
MAP-EV-d95b8e622df0,EV-d95b8e622df0,APP-02015,,,"A question is evidence of information seeking, but the content does not clearly satisfy a frozen behavioral mechanism.",,,N/A,,,NO_SUPPORTED_MECHANISM,APPROVE,,Imported from Aaryatech_Behavioral_Review_MASTER_APPROVED.xlsx
MAP-EV-3888377458ea,EV-3888377458ea,APP-02020,BM-021,Reactance,"The candidate's hesitation appears connected to perceived pressure, imposed requirements, or reduced freedom of choice.",,,N/A,,,PROPOSED,APPROVE,,Imported from Aaryatech_Behavioral_Review_MASTER_APPROVED.xlsx
MAP-EV-12f7f5a74790,EV-12f7f5a74790,APP-02029,BM-029,Uncertainty / Ambiguity Aversion,The statement centers on not knowing what to expect and seeking greater predictability.,,,HIGH,,,PROPOSED,APPROVE,,Imported from Aaryatech_Behavioral_Review_MASTER_APPROVED.xlsx
MAP-EV-d6f6543d1ed2,EV-d6f6543d1ed2,APP-02031,,,"Excitement/positive affect is an emotional signal, not by itself one of the frozen behavioral mechanisms.",,,N/A,,,NO_SUPPORTED_MECHANISM,APPROVE,,Imported from Aaryatech_Behavioral_Review_MASTER_APPROVED.xlsx
MAP-EV-99224a68a8ba,EV-99224a68a8ba,APP-02034,BM-006,Friction,A specific process delay is described as an obstacle in completing the recruitment/onboarding journey.,,,HIGH,,,PROPOSED,APPROVE,,Imported from Aaryatech_Behavioral_Review_MASTER_APPROVED.xlsx
MAP-EV-1dd025a514d6,EV-1dd025a514d6,APP-02043,BM-006,Friction,A specific process delay is described as an obstacle in completing the recruitment/onboarding journey.,,,HIGH,,,PROPOSED,APPROVE,,Imported from Aaryatech_Behavioral_Review_MASTER_APPROVED.xlsx
MAP-EV-458b90898d5f,EV-458b90898d5f,APP-02058,BM-013,Anchoring,The compensation judgment is explicitly made relative to an earlier expectation or reference amount.,,,HIGH,,,PROPOSED,APPROVE,,Imported from Aaryatech_Behavioral_Review_MASTER_APPROVED.xlsx
MAP-EV-b11faacb82bd,EV-b11faacb82bd,APP-02058,,,"Hesitation is observable, but its behavioral mechanism is not established by the available context.",,,N/A,,,NO_SUPPORTED_MECHANISM,APPROVE,,Imported from Aaryatech_Behavioral_Review_MASTER_APPROVED.xlsx
MAP-EV-8afeb87887c5,EV-8afeb87887c5,APP-02070,BM-013,Anchoring,The compensation judgment is explicitly made relative to an earlier expectation or reference amount.,,,HIGH,,,PROPOSED,APPROVE,,Imported from Aaryatech_Behavioral_Review_MASTER_APPROVED.xlsx
MAP-EV-eccf7fda2ab2,EV-eccf7fda2ab2,APP-02077,BM-006,Friction,"The evidence describes a concrete onboarding/documentation step, repetition, delay, or point of confusion that can add effort.",,,MODERATE,,,PROPOSED,APPROVE,,Imported from Aaryatech_Behavioral_Review_MASTER_APPROVED.xlsx
MAP-EV-3548704c67c4,EV-3548704c67c4,APP-02087,BM-029,Uncertainty / Ambiguity Aversion,The statement centers on not knowing what to expect and seeking greater predictability.,,,HIGH,,,PROPOSED,APPROVE,,Imported from Aaryatech_Behavioral_Review_MASTER_APPROVED.xlsx
MAP-EV-a51bb8db31a0,EV-a51bb8db31a0,APP-02098,,,Positive forward-looking language is not enough for Commitment/Consistency; the library requires a specific prior commitment as the reason for continuing.,,,N/A,,,NO_SUPPORTED_MECHANISM,APPROVE,,Imported from Aaryatech_Behavioral_Review_MASTER_APPROVED.xlsx
MAP-EV-d34e69cfef3c,EV-d34e69cfef3c,APP-02106,BM-006,Friction,A specific process delay is described as an obstacle in completing the recruitment/onboarding journey.,,,HIGH,,,PROPOSED,APPROVE,,Imported from Aaryatech_Behavioral_Review_MASTER_APPROVED.xlsx
MAP-EV-78992cf9b8c4,EV-78992cf9b8c4,APP-02111,BM-006,Friction,The schedule/shift constraint is a concrete practical obstacle that increases effort or difficulty.,,,MODERATE,,,PROPOSED,APPROVE,,Imported from Aaryatech_Behavioral_Review_MASTER_APPROVED.xlsx
MAP-EV-76a5bc36511f,EV-76a5bc36511f,APP-02113,BM-029,Uncertainty / Ambiguity Aversion,The statement centers on not knowing what to expect and seeking greater predictability.,,,MODERATE,,,PROPOSED,APPROVE,,Imported from Aaryatech_Behavioral_Review_MASTER_APPROVED.xlsx
MAP-EV-c88364d403d6,EV-c88364d403d6,APP-02118,BM-006,Friction,The schedule/shift constraint is a concrete practical obstacle that increases effort or difficulty.,,,MODERATE,,,PROPOSED,APPROVE,,Imported from Aaryatech_Behavioral_Review_MASTER_APPROVED.xlsx
MAP-EV-7ad3b6adbcff,EV-7ad3b6adbcff,APP-02128,,,"A competing opportunity is present, but choosing between alternatives does not itself prove Loss Aversion, Scarcity, or another mechanism.",,,N/A,,,NO_SUPPORTED_MECHANISM,APPROVE,,Imported from Aaryatech_Behavioral_Review_MASTER_APPROVED.xlsx
MAP-EV-4450fb6d8828,EV-4450fb6d8828,APP-02128,,,"A competing opportunity is present, but choosing between alternatives does not itself prove Loss Aversion, Scarcity, or another mechanism.",,,N/A,,,NO_SUPPORTED_MECHANISM,APPROVE,,Imported from Aaryatech_Behavioral_Review_MASTER_APPROVED.xlsx
MAP-EV-2a79d3afb60b,EV-2a79d3afb60b,APP-02128,,,"A competing opportunity is present, but choosing between alternatives does not itself prove Loss Aversion, Scarcity, or another mechanism.",,,N/A,,,NO_SUPPORTED_MECHANISM,APPROVE,,Imported from Aaryatech_Behavioral_Review_MASTER_APPROVED.xlsx
MAP-EV-daf4566490df,EV-daf4566490df,APP-02129,BM-029,Uncertainty / Ambiguity Aversion,The mismatch/changed information creates ambiguity about what the role will actually involve.,,,MODERATE,,,PROPOSED,APPROVE,,Imported from Aaryatech_Behavioral_Review_MASTER_APPROVED.xlsx
MAP-EV-ddf11089e9d1,EV-ddf11089e9d1,APP-02130,BM-029,Uncertainty / Ambiguity Aversion,The candidate is seeking certainty or reacting to uncertainty around the expected joining date.,,,MODERATE,,,PROPOSED,APPROVE,,Imported from Aaryatech_Behavioral_Review_MASTER_APPROVED.xlsx
MAP-EV-712f6dd6d268,EV-712f6dd6d268,APP-02134,BM-001,Status Quo Bias,Commute/transport evidence indicates resistance or hesitation about changing an established travel routine to adapt to the new job location; proposed as Status Quo Bias for human validation.,,,MODERATE,,BM-006 Friction,PROPOSED,APPROVE,,Imported from Aaryatech_Behavioral_Review_MASTER_APPROVED.xlsx
MAP-EV-1fdaefc5391d,EV-1fdaefc5391d,APP-02147,BM-006,Friction,A specific process delay is described as an obstacle in completing the recruitment/onboarding journey.,,,HIGH,,,PROPOSED,APPROVE,,Imported from Aaryatech_Behavioral_Review_MASTER_APPROVED.xlsx
MAP-EV-c2caa8e20104,EV-c2caa8e20104,APP-02153,BM-021,Reactance,"The candidate's hesitation appears connected to perceived pressure, imposed requirements, or reduced freedom of choice.",,,N/A,,,PROPOSED,APPROVE,,Imported from Aaryatech_Behavioral_Review_MASTER_APPROVED.xlsx
MAP-EV-5c6022fdadce,EV-5c6022fdadce,APP-02157,,,"A competing opportunity is present, but choosing between alternatives does not itself prove Loss Aversion, Scarcity, or another mechanism.",,,N/A,,,NO_SUPPORTED_MECHANISM,APPROVE,,Imported from Aaryatech_Behavioral_Review_MASTER_APPROVED.xlsx
MAP-EV-d43d145ca854,EV-d43d145ca854,APP-02166,,,"A competing opportunity is present, but choosing between alternatives does not itself prove Loss Aversion, Scarcity, or another mechanism.",,,N/A,,,NO_SUPPORTED_MECHANISM,APPROVE,,Imported from Aaryatech_Behavioral_Review_MASTER_APPROVED.xlsx
MAP-EV-285b960b1d75,EV-285b960b1d75,APP-02168,,,Withdrawal is an outcome/action; without an explicit reason it should not be forced into a behavioral mechanism.,,,N/A,,,NO_SUPPORTED_MECHANISM,APPROVE,,Imported from Aaryatech_Behavioral_Review_MASTER_APPROVED.xlsx
MAP-EV-bac7c12b53db,EV-bac7c12b53db,APP-02172,BM-029,Uncertainty / Ambiguity Aversion,The candidate is seeking certainty or reacting to uncertainty around the expected joining date.,,,MODERATE,,BM-006 Friction,PROPOSED,APPROVE,,Imported from Aaryatech_Behavioral_Review_MASTER_APPROVED.xlsx
MAP-EV-57b28a67e950,EV-57b28a67e950,APP-02176,BM-029,Uncertainty / Ambiguity Aversion,The statement centers on not knowing what to expect and seeking greater predictability.,,,MODERATE,,,PROPOSED,APPROVE,,Imported from Aaryatech_Behavioral_Review_MASTER_APPROVED.xlsx
MAP-EV-ee182295b21e,EV-ee182295b21e,APP-02176,BM-006,Friction,A specific process delay is described as an obstacle in completing the recruitment/onboarding journey.,,,HIGH,,,PROPOSED,APPROVE,,Imported from Aaryatech_Behavioral_Review_MASTER_APPROVED.xlsx
MAP-EV-24ad6fb33fc7,EV-24ad6fb33fc7,APP-02182,,,"Response brevity/speed is an observable communication signal, but it does not by itself satisfy a frozen mechanism's evidence requirement.",,,N/A,,,NO_SUPPORTED_MECHANISM,APPROVE,,Imported from Aaryatech_Behavioral_Review_MASTER_APPROVED.xlsx
MAP-EV-eade44e8bb1a,EV-eade44e8bb1a,APP-02194,BM-029,Uncertainty / Ambiguity Aversion,The mismatch/changed information creates ambiguity about what the role will actually involve.,,,MODERATE,,,PROPOSED,APPROVE,,Imported from Aaryatech_Behavioral_Review_MASTER_APPROVED.xlsx
MAP-EV-fbc025d6599f,EV-fbc025d6599f,APP-02196,BM-006,Friction,The schedule/shift constraint is a concrete practical obstacle that increases effort or difficulty.,,,MODERATE,,,PROPOSED,APPROVE,,Imported from Aaryatech_Behavioral_Review_MASTER_APPROVED.xlsx
MAP-EV-344644837c14,EV-344644837c14,APP-02201,,,"A question is evidence of information seeking, but the content does not clearly satisfy a frozen behavioral mechanism.",,,N/A,,,NO_SUPPORTED_MECHANISM,APPROVE,,Imported from Aaryatech_Behavioral_Review_MASTER_APPROVED.xlsx
MAP-EV-b67a1e011556,EV-b67a1e011556,APP-02203,BM-006,Friction,A specific process delay is described as an obstacle in completing the recruitment/onboarding journey.,,,HIGH,,,PROPOSED,APPROVE,,Imported from Aaryatech_Behavioral_Review_MASTER_APPROVED.xlsx
MAP-EV-22d811c1ca1c,EV-22d811c1ca1c,APP-02204,,,"A pay concern is present, but the frozen library requires a reference comparison or fairness frame before assigning Anchoring/Fairness.",,,N/A,,,NO_SUPPORTED_MECHANISM,APPROVE,,Imported from Aaryatech_Behavioral_Review_MASTER_APPROVED.xlsx
MAP-EV-3d1855bd6c30,EV-3d1855bd6c30,APP-02211,,,Positive forward-looking language is not enough for Commitment/Consistency; the library requires a specific prior commitment as the reason for continuing.,,,N/A,,,NO_SUPPORTED_MECHANISM,APPROVE,,Imported from Aaryatech_Behavioral_Review_MASTER_APPROVED.xlsx
MAP-EV-d391bfe02f99,EV-d391bfe02f99,APP-02218,BM-029,Uncertainty / Ambiguity Aversion,The statement centers on not knowing what to expect and seeking greater predictability.,,,MODERATE,,,PROPOSED,APPROVE,,Imported from Aaryatech_Behavioral_Review_MASTER_APPROVED.xlsx
MAP-EV-2da62a181dc7,EV-2da62a181dc7,APP-02224,BM-001,Status Quo Bias,Status Quo Bias — candidate shows hesitation or resistance to leaving the current/familiar job situation and moving to the new role. This is a proposed behavioral interpretation for human validation; recruiter follow-up should collect the candidate's specific reasons rather than assume the cause.,,,MODERATE,,,PROPOSED,APPROVE,,Imported from Aaryatech_Behavioral_Review_MASTER_APPROVED.xlsx
MAP-EV-6b182ec8fdfb,EV-6b182ec8fdfb,APP-02225,BM-006,Friction,The work arrangement creates a concrete effort/commute obstacle.,,,MODERATE,,,PROPOSED,APPROVE,,Imported from Aaryatech_Behavioral_Review_MASTER_APPROVED.xlsx
MAP-EV-d0f9d5882081,EV-d0f9d5882081,APP-02237,,,"A competing opportunity is present, but choosing between alternatives does not itself prove Loss Aversion, Scarcity, or another mechanism.",,,N/A,,,NO_SUPPORTED_MECHANISM,APPROVE,,Imported from Aaryatech_Behavioral_Review_MASTER_APPROVED.xlsx
MAP-EV-a38d85d56610,EV-a38d85d56610,APP-02249,BM-006,Friction,"The evidence describes a concrete onboarding/documentation step, repetition, delay, or point of confusion that can add effort.",,,MODERATE,,,PROPOSED,APPROVE,,Imported from Aaryatech_Behavioral_Review_MASTER_APPROVED.xlsx
MAP-EV-3e2a86adad39,EV-3e2a86adad39,APP-02256,BM-010,Endowment Effect,"The candidate appears to place extra value on something already held, such as the current role, benefits, arrangement, or position, making the change harder.",,,N/A,,,PROPOSED,APPROVE,,Imported from Aaryatech_Behavioral_Review_MASTER_APPROVED.xlsx
MAP-EV-8560d375ea74,EV-8560d375ea74,APP-02281,BM-029,Uncertainty / Ambiguity Aversion,The candidate is seeking certainty or reacting to uncertainty around the expected joining date.,,,MODERATE,,,PROPOSED,APPROVE,,Imported from Aaryatech_Behavioral_Review_MASTER_APPROVED.xlsx
MAP-EV-f226d2f3f2e8,EV-f226d2f3f2e8,APP-02284,,,"Response brevity/speed is an observable communication signal, but it does not by itself satisfy a frozen mechanism's evidence requirement.",,,N/A,,,NO_SUPPORTED_MECHANISM,APPROVE,,Imported from Aaryatech_Behavioral_Review_MASTER_APPROVED.xlsx
MAP-EV-7fde00df2b99,EV-7fde00df2b99,APP-02285,BM-001,Status Quo Bias,Status Quo Bias — candidate shows hesitation or resistance to leaving the current/familiar job situation and moving to the new role. This is a proposed behavioral interpretation for human validation; recruiter follow-up should collect the candidate's specific reasons rather than assume the cause.,,,MODERATE,,,PROPOSED,APPROVE,,Imported from Aaryatech_Behavioral_Review_MASTER_APPROVED.xlsx
MAP-EV-9c3afd069230,EV-9c3afd069230,APP-02306,BM-006,Friction,The work arrangement creates a concrete effort/commute obstacle.,,,MODERATE,,,PROPOSED,APPROVE,,Imported from Aaryatech_Behavioral_Review_MASTER_APPROVED.xlsx
MAP-EV-b36a5e4bc55f,EV-b36a5e4bc55f,APP-02320,BM-029,Uncertainty / Ambiguity Aversion,"The candidate is seeking predictability about contract duration/stability, directly expressing uncertainty about what to expect.",,,HIGH,,,PROPOSED,APPROVE,,Imported from Aaryatech_Behavioral_Review_MASTER_APPROVED.xlsx
MAP-EV-9afef2f32c18,EV-9afef2f32c18,APP-02320,,,"A question is evidence of information seeking, but the content does not clearly satisfy a frozen behavioral mechanism.",,,N/A,,,NO_SUPPORTED_MECHANISM,APPROVE,,Imported from Aaryatech_Behavioral_Review_MASTER_APPROVED.xlsx
MAP-EV-6949dc9fef3f,EV-6949dc9fef3f,APP-02324,BM-006,Friction,"The evidence describes a concrete onboarding/documentation step, repetition, delay, or point of confusion that can add effort.",,,MODERATE,,,PROPOSED,APPROVE,,Imported from Aaryatech_Behavioral_Review_MASTER_APPROVED.xlsx
MAP-EV-1295af6c0acd,EV-1295af6c0acd,APP-02325,,,"Excitement/positive affect is an emotional signal, not by itself one of the frozen behavioral mechanisms.",,,N/A,,,NO_SUPPORTED_MECHANISM,APPROVE,,Imported from Aaryatech_Behavioral_Review_MASTER_APPROVED.xlsx
MAP-EV-29b66f3fbf4f,EV-29b66f3fbf4f,APP-02325,,,"Excitement/positive affect is an emotional signal, not by itself one of the frozen behavioral mechanisms.",,,N/A,,,NO_SUPPORTED_MECHANISM,APPROVE,,Imported from Aaryatech_Behavioral_Review_MASTER_APPROVED.xlsx
MAP-EV-d888fa583529,EV-d888fa583529,APP-02345,BM-001,Status Quo Bias,Commute/transport evidence indicates resistance or hesitation about changing an established travel routine to adapt to the new job location; proposed as Status Quo Bias for human validation.,,,MODERATE,,BM-006 Friction,PROPOSED,APPROVE,,Imported from Aaryatech_Behavioral_Review_MASTER_APPROVED.xlsx
MAP-EV-9da1d65429b1,EV-9da1d65429b1,APP-02355,,,"Response brevity/speed is an observable communication signal, but it does not by itself satisfy a frozen mechanism's evidence requirement.",,,N/A,,,NO_SUPPORTED_MECHANISM,APPROVE,,Imported from Aaryatech_Behavioral_Review_MASTER_APPROVED.xlsx
MAP-EV-7cab3aeba3fe,EV-7cab3aeba3fe,APP-02355,,,"Response brevity/speed is an observable communication signal, but it does not by itself satisfy a frozen mechanism's evidence requirement.",,,N/A,,,NO_SUPPORTED_MECHANISM,APPROVE,,Imported from Aaryatech_Behavioral_Review_MASTER_APPROVED.xlsx
MAP-EV-d11f5319b787,EV-d11f5319b787,APP-02372,BM-006,Friction,"The evidence describes a concrete onboarding/documentation step, repetition, delay, or point of confusion that can add effort.",,,MODERATE,,,PROPOSED,APPROVE,,Imported from Aaryatech_Behavioral_Review_MASTER_APPROVED.xlsx
MAP-EV-8974070decc9,EV-8974070decc9,APP-02382,,,"Contradictory information is flagged, but the behavioral consequence is not explicit.",,,N/A,,,NO_SUPPORTED_MECHANISM,APPROVE,,Imported from Aaryatech_Behavioral_Review_MASTER_APPROVED.xlsx
MAP-EV-043c266a54c5,EV-043c266a54c5,APP-02415,BM-006,Friction,"The evidence describes a concrete onboarding/documentation step, repetition, delay, or point of confusion that can add effort.",,,MODERATE,,,PROPOSED,APPROVE,,Imported from Aaryatech_Behavioral_Review_MASTER_APPROVED.xlsx
MAP-EV-97aa10ba2e01,EV-97aa10ba2e01,APP-02429,BM-006,Friction,"The evidence describes a concrete onboarding/documentation step, repetition, delay, or point of confusion that can add effort.",,,MODERATE,,,PROPOSED,APPROVE,,Imported from Aaryatech_Behavioral_Review_MASTER_APPROVED.xlsx
MAP-EV-5fe74ff9714b,EV-5fe74ff9714b,APP-02436,BM-006,Friction,The schedule/shift constraint is a concrete practical obstacle that increases effort or difficulty.,,,MODERATE,,,PROPOSED,APPROVE,,Imported from Aaryatech_Behavioral_Review_MASTER_APPROVED.xlsx
MAP-EV-8fbf8d69341c,EV-8fbf8d69341c,APP-02442,BM-006,Friction,"The evidence describes a concrete onboarding/documentation step, repetition, delay, or point of confusion that can add effort.",,,MODERATE,,,PROPOSED,APPROVE,,Imported from Aaryatech_Behavioral_Review_MASTER_APPROVED.xlsx
MAP-EV-5a4434a126a7,EV-5a4434a126a7,APP-02456,,,"A pay concern is present, but the frozen library requires a reference comparison or fairness frame before assigning Anchoring/Fairness.",,,N/A,,,NO_SUPPORTED_MECHANISM,APPROVE,,Imported from Aaryatech_Behavioral_Review_MASTER_APPROVED.xlsx
MAP-EV-952054715725,EV-952054715725,APP-02460,BM-029,Uncertainty / Ambiguity Aversion,The statement centers on not knowing what to expect and seeking greater predictability.,,,HIGH,,,PROPOSED,APPROVE,,Imported from Aaryatech_Behavioral_Review_MASTER_APPROVED.xlsx
MAP-EV-ac5af1ee2075,EV-ac5af1ee2075,APP-02469,BM-006,Friction,The schedule/shift constraint is a concrete practical obstacle that increases effort or difficulty.,,,MODERATE,,,PROPOSED,APPROVE,,Imported from Aaryatech_Behavioral_Review_MASTER_APPROVED.xlsx
MAP-EV-8546215c5336,EV-8546215c5336,APP-02475,BM-006,Friction,"The evidence describes a concrete onboarding/documentation step, repetition, delay, or point of confusion that can add effort.",,,MODERATE,,,PROPOSED,APPROVE,,Imported from Aaryatech_Behavioral_Review_MASTER_APPROVED.xlsx
